{"cameraMode":{"drawMode":0,"name":"Shaded","section":"Shading Mode"},"sceneLighting":false,"audioPlay":false,"sceneViewState":{"m_AlwaysRefresh":false,"showFog":true,"showSkybox":false,"showFlares":true,"showImageEffects":true,"showParticleSystems":true,"showVisualEffectGraphs":true,"m_FxEnabled":true},"in2DMode":false,"pivot":{"x":-0.28965359926223757,"y":-5.152311325073242,"z":-20.332406997680665},"rotation":{"x":0.0015806372975930572,"y":-0.9910160303115845,"z":0.1403825432062149,"w":-0.0042727356776595119},"size":12.12435531616211,"orthographic":false}