{"cameraMode":{"drawMode":0,"name":"Shaded","section":"Shading Mode"},"sceneLighting":false,"audioPlay":false,"sceneViewState":{"m_AlwaysRefresh":false,"showFog":true,"showSkybox":false,"showFlares":true,"showImageEffects":true,"showParticleSystems":true,"showVisualEffectGraphs":true,"m_FxEnabled":true},"in2DMode":false,"pivot":{"x":0.10795088857412338,"y":0.00918494537472725,"z":0.13178880512714387},"rotation":{"x":0.01948097161948681,"y":-1.000654935836792,"z":0.015372543595731259,"w":-0.046781301498413089},"size":0.13513006269931794,"orthographic":false}